{
  "prompt_v1_scores": {
    "faithfulness": 0.8859999999999999,
    "answer_relevancy": 0.8603122842998606,
    "context_recall": 0.5442857142857143,
    "context_precision": 0.9733333332843334
  },
  "prompt_v2_scores": {
    "faithfulness": 0.8872395382395382,
    "answer_relevancy": 0.8375114518541876,
    "context_recall": 0.5722857142857143,
    "context_precision": 0.9666666666176666
  },
  "target_met": true
}